row,folder,file,cdn_url,status,error
1,0001_YESWOOD_Furniture_Store,01.jpg,,fail,Shopify 406: 
1,0001_YESWOOD_Furniture_Store,02.jpg,,fail,Shopify 406: 
1,0001_YESWOOD_Furniture_Store,03.jpg,,fail,Shopify 406: 
1,0001_YESWOOD_Furniture_Store,04.jpg,,fail,Shopify 406: 
1,0001_YESWOOD_Furniture_Store,05.jpg,,fail,Shopify 406: 
1,0001_YESWOOD_Furniture_Store,06.jpg,,fail,Shopify 406: 
1,0001_YESWOOD_Furniture_Store,07.jpg,,fail,Shopify 406: 
1,0001_YESWOOD_Furniture_Store,08.jpg,,fail,Shopify 406: 
1,0001_YESWOOD_Furniture_Store,09.jpg,,fail,Shopify 406: 
1,0001_YESWOOD_Furniture_Store,10.jpg,,fail,Shopify 406: 
1,0001_YESWOOD_Furniture_Store,11.jpg,,fail,Shopify 406: 
1,0001_YESWOOD_Furniture_Store,12.jpg,,fail,Shopify 406: 
1,0001_YESWOOD_Furniture_Store,13.jpg,,fail,Shopify 406: 
1,0001_YESWOOD_Furniture_Store,14.jpg,,fail,Shopify 406: 
1,0001_YESWOOD_Furniture_Store,15.jpg,,fail,Shopify 406: 
1,0001_YESWOOD_Furniture_Store,16.jpg,,fail,Shopify 406: 
1,0001_YESWOOD_Furniture_Store,17.jpg,,fail,Shopify 406: 
1,0001_YESWOOD_Furniture_Store,18.jpg,,fail,Shopify 406: 
1,0001_YESWOOD_Furniture_Store,19.jpg,,fail,Shopify 406: 
1,0001_YESWOOD_Furniture_Store,20.jpg,,fail,Shopify 406: 
2,0002_YESWOOD_Furniture_Store,01.jpg,,fail,Shopify 406: 
2,0002_YESWOOD_Furniture_Store,02.jpg,,fail,Shopify 406: 
2,0002_YESWOOD_Furniture_Store,03.jpg,,fail,Shopify 406: 
2,0002_YESWOOD_Furniture_Store,04.jpg,,fail,Shopify 406: 
2,0002_YESWOOD_Furniture_Store,05.jpg,,fail,Shopify 406: 
2,0002_YESWOOD_Furniture_Store,06.jpg,,fail,Shopify 406: 
2,0002_YESWOOD_Furniture_Store,07.jpg,,fail,Shopify 406: 
2,0002_YESWOOD_Furniture_Store,08.jpg,,fail,Shopify 406: 
2,0002_YESWOOD_Furniture_Store,09.jpg,,fail,Shopify 406: 
2,0002_YESWOOD_Furniture_Store,10.jpg,,fail,Shopify 406: 
2,0002_YESWOOD_Furniture_Store,11.jpg,,fail,Shopify 406: 
2,0002_YESWOOD_Furniture_Store,12.jpg,,fail,Shopify 406: 
2,0002_YESWOOD_Furniture_Store,13.jpg,,fail,Shopify 406: 
2,0002_YESWOOD_Furniture_Store,14.jpg,,fail,Shopify 406: 
2,0002_YESWOOD_Furniture_Store,15.jpg,,fail,Shopify 406: 
2,0002_YESWOOD_Furniture_Store,16.jpg,,fail,Shopify 406: 
2,0002_YESWOOD_Furniture_Store,17.jpg,,fail,Shopify 406: 
2,0002_YESWOOD_Furniture_Store,18.jpg,,fail,Shopify 406: 
2,0002_YESWOOD_Furniture_Store,19.jpg,,fail,Shopify 406: 
2,0002_YESWOOD_Furniture_Store,20.jpg,,fail,Shopify 406: 
3,0003_YESWOOD_Furniture_Store,01.jpg,,fail,Shopify 406: 
3,0003_YESWOOD_Furniture_Store,02.jpg,,fail,Shopify 406: 
3,0003_YESWOOD_Furniture_Store,03.jpg,,fail,Shopify 406: 
3,0003_YESWOOD_Furniture_Store,04.jpg,,fail,Shopify 406: 
3,0003_YESWOOD_Furniture_Store,05.jpg,,fail,Shopify 406: 
3,0003_YESWOOD_Furniture_Store,06.jpg,,fail,Shopify 406: 
3,0003_YESWOOD_Furniture_Store,07.jpg,,fail,Shopify 406: 
3,0003_YESWOOD_Furniture_Store,08.jpg,,fail,Shopify 406: 
4,0004_YESWOOD_Furniture_Store,01.jpg,,fail,Shopify 406: 
4,0004_YESWOOD_Furniture_Store,02.jpg,,fail,Shopify 406: 
4,0004_YESWOOD_Furniture_Store,03.jpg,,fail,Shopify 406: 
4,0004_YESWOOD_Furniture_Store,04.jpg,,fail,Shopify 406: 
4,0004_YESWOOD_Furniture_Store,05.jpg,,fail,Shopify 406: 
4,0004_YESWOOD_Furniture_Store,06.jpg,,fail,Shopify 406: 
4,0004_YESWOOD_Furniture_Store,07.jpg,,fail,Shopify 406: 
4,0004_YESWOOD_Furniture_Store,08.jpg,,fail,Shopify 406: 
4,0004_YESWOOD_Furniture_Store,09.jpg,,fail,Shopify 406: 
5,0005_YESWOOD_Furniture_Store,01.jpg,,fail,Shopify 406: 
5,0005_YESWOOD_Furniture_Store,02.jpg,,fail,Shopify 406: 
5,0005_YESWOOD_Furniture_Store,03.jpg,,fail,Shopify 406: 
5,0005_YESWOOD_Furniture_Store,04.jpg,,fail,Shopify 406: 
5,0005_YESWOOD_Furniture_Store,05.jpg,,fail,Shopify 406: 
5,0005_YESWOOD_Furniture_Store,06.jpg,,fail,Shopify 406: 
5,0005_YESWOOD_Furniture_Store,07.jpg,,fail,Shopify 406: 
5,0005_YESWOOD_Furniture_Store,08.jpg,,fail,Shopify 406: 
5,0005_YESWOOD_Furniture_Store,09.jpg,,fail,Shopify 406: 
5,0005_YESWOOD_Furniture_Store,10.jpg,,fail,Shopify 406: 
5,0005_YESWOOD_Furniture_Store,11.jpg,,fail,Shopify 406: 
5,0005_YESWOOD_Furniture_Store,12.jpg,,fail,Shopify 406: 
5,0005_YESWOOD_Furniture_Store,13.jpg,,fail,Shopify 406: 
6,0006_YESWOOD_Furniture_Store,01.png,,fail,Shopify 406: 
6,0006_YESWOOD_Furniture_Store,02.jpg,,fail,Shopify 406: 
6,0006_YESWOOD_Furniture_Store,03.jpg,,fail,Shopify 406: 
6,0006_YESWOOD_Furniture_Store,04.jpg,,fail,Shopify 406: 
6,0006_YESWOOD_Furniture_Store,05.jpg,,fail,Shopify 406: 
6,0006_YESWOOD_Furniture_Store,06.jpg,,fail,Shopify 406: 
6,0006_YESWOOD_Furniture_Store,07.jpg,,fail,Shopify 406: 
6,0006_YESWOOD_Furniture_Store,08.jpg,,fail,Shopify 406: 
6,0006_YESWOOD_Furniture_Store,09.jpg,,fail,Shopify 406: 
6,0006_YESWOOD_Furniture_Store,10.png,,fail,Shopify 406: 
6,0006_YESWOOD_Furniture_Store,11.jpg,,fail,Shopify 406: 
6,0006_YESWOOD_Furniture_Store,12.jpg,,fail,Shopify 406: 
6,0006_YESWOOD_Furniture_Store,13.jpg,,fail,Shopify 406: 
6,0006_YESWOOD_Furniture_Store,14.jpg,,fail,Shopify 406: 
6,0006_YESWOOD_Furniture_Store,15.jpg,,fail,Shopify 406: 
6,0006_YESWOOD_Furniture_Store,16.jpg,,fail,Shopify 406: 
6,0006_YESWOOD_Furniture_Store,17.jpg,,fail,Shopify 406: 
6,0006_YESWOOD_Furniture_Store,18.jpg,,fail,Shopify 406: 
6,0006_YESWOOD_Furniture_Store,19.jpg,,fail,Shopify 406: 
6,0006_YESWOOD_Furniture_Store,20.jpg,,fail,Shopify 406: 
6,0006_YESWOOD_Furniture_Store,21.jpg,,fail,Shopify 406: 
7,0007_YESWOOD_Furniture_Store,01.jpg,,fail,Shopify 406: 
7,0007_YESWOOD_Furniture_Store,02.jpg,,fail,Shopify 406: 
7,0007_YESWOOD_Furniture_Store,03.jpg,,fail,Shopify 406: 
7,0007_YESWOOD_Furniture_Store,04.jpg,,fail,Shopify 406: 
7,0007_YESWOOD_Furniture_Store,05.jpg,,fail,Shopify 406: 
7,0007_YESWOOD_Furniture_Store,06.jpg,,fail,Shopify 406: 
7,0007_YESWOOD_Furniture_Store,07.jpg,,fail,Shopify 406: 
7,0007_YESWOOD_Furniture_Store,08.jpg,,fail,Shopify 406: 
7,0007_YESWOOD_Furniture_Store,09.jpg,,fail,Shopify 406: 
7,0007_YESWOOD_Furniture_Store,10.jpg,,fail,Shopify 406: 
7,0007_YESWOOD_Furniture_Store,11.jpg,,fail,Shopify 406: 
7,0007_YESWOOD_Furniture_Store,12.jpg,,fail,Shopify 406: 
7,0007_YESWOOD_Furniture_Store,13.jpg,,fail,Shopify 406: 
7,0007_YESWOOD_Furniture_Store,14.jpg,,fail,Shopify 406: 
7,0007_YESWOOD_Furniture_Store,15.jpg,,fail,Shopify 406: 
7,0007_YESWOOD_Furniture_Store,16.jpg,,fail,Shopify 406: 
8,0008_YESWOOD_Furniture_Store,01.jpg,,fail,Shopify 406: 
8,0008_YESWOOD_Furniture_Store,02.jpg,,fail,Shopify 406: 
8,0008_YESWOOD_Furniture_Store,03.jpg,,fail,Shopify 406: 
8,0008_YESWOOD_Furniture_Store,04.jpg,,fail,Shopify 406: 
8,0008_YESWOOD_Furniture_Store,05.jpg,,fail,Shopify 406: 
8,0008_YESWOOD_Furniture_Store,06.jpg,,fail,Shopify 406: 
8,0008_YESWOOD_Furniture_Store,07.jpg,,fail,Shopify 406: 
8,0008_YESWOOD_Furniture_Store,08.jpg,,fail,Shopify 406: 
8,0008_YESWOOD_Furniture_Store,09.jpg,,fail,Shopify 406: 
8,0008_YESWOOD_Furniture_Store,10.jpg,,fail,Shopify 406: 
8,0008_YESWOOD_Furniture_Store,11.jpg,,fail,Shopify 406: 
8,0008_YESWOOD_Furniture_Store,12.jpg,,fail,Shopify 406: 
8,0008_YESWOOD_Furniture_Store,13.jpg,,fail,Shopify 406: 
8,0008_YESWOOD_Furniture_Store,14.jpg,,fail,Shopify 406: 
9,0009_YESWOOD_Furniture_Store,01.jpg,,fail,Shopify 406: 
9,0009_YESWOOD_Furniture_Store,02.jpg,,fail,Shopify 406: 
9,0009_YESWOOD_Furniture_Store,03.jpg,,fail,Shopify 406: 
9,0009_YESWOOD_Furniture_Store,04.jpg,,fail,Shopify 406: 
9,0009_YESWOOD_Furniture_Store,05.jpg,,fail,Shopify 406: 
9,0009_YESWOOD_Furniture_Store,06.jpg,,fail,Shopify 406: 
9,0009_YESWOOD_Furniture_Store,07.jpg,,fail,Shopify 406: 
10,0010_YESWOOD_Furniture_Store,01.jpg,,fail,Shopify 406: 
10,0010_YESWOOD_Furniture_Store,02.jpg,,fail,Shopify 406: 
10,0010_YESWOOD_Furniture_Store,03.jpg,,fail,Shopify 406: 
10,0010_YESWOOD_Furniture_Store,04.jpg,,fail,Shopify 406: 
10,0010_YESWOOD_Furniture_Store,05.jpg,,fail,Shopify 406: 
10,0010_YESWOOD_Furniture_Store,06.jpg,,fail,Shopify 406: 
10,0010_YESWOOD_Furniture_Store,07.jpg,,fail,Shopify 406: 
10,0010_YESWOOD_Furniture_Store,08.jpg,,fail,Shopify 406: 
10,0010_YESWOOD_Furniture_Store,09.jpg,,fail,Shopify 406: 
10,0010_YESWOOD_Furniture_Store,10.jpg,,fail,Shopify 406: 
10,0010_YESWOOD_Furniture_Store,11.jpg,,fail,Shopify 406: 
10,0010_YESWOOD_Furniture_Store,12.jpg,,fail,Shopify 406: 
11,0011_YESWOOD_Furniture_Store,01.jpg,,fail,Shopify 406: 
11,0011_YESWOOD_Furniture_Store,02.jpg,,fail,Shopify 406: 
11,0011_YESWOOD_Furniture_Store,03.jpg,,fail,Shopify 406: 
11,0011_YESWOOD_Furniture_Store,04.jpg,,fail,Shopify 406: 
11,0011_YESWOOD_Furniture_Store,05.jpg,,fail,Shopify 406: 
11,0011_YESWOOD_Furniture_Store,06.jpg,,fail,Shopify 406: 
11,0011_YESWOOD_Furniture_Store,07.jpg,,fail,Shopify 406: 
11,0011_YESWOOD_Furniture_Store,08.jpg,,fail,Shopify 406: 
11,0011_YESWOOD_Furniture_Store,09.jpg,,fail,Shopify 406: 
11,0011_YESWOOD_Furniture_Store,10.jpg,,fail,Shopify 406: 
11,0011_YESWOOD_Furniture_Store,11.jpg,,fail,Shopify 406: 
11,0011_YESWOOD_Furniture_Store,12.jpg,,fail,Shopify 406: 
11,0011_YESWOOD_Furniture_Store,13.jpg,,fail,Shopify 406: 
11,0011_YESWOOD_Furniture_Store,14.jpg,,fail,Shopify 406: 
11,0011_YESWOOD_Furniture_Store,15.jpg,,fail,Shopify 406: 
11,0011_YESWOOD_Furniture_Store,16.jpg,,fail,Shopify 406: 
11,0011_YESWOOD_Furniture_Store,17.jpg,,fail,Shopify 406: 
11,0011_YESWOOD_Furniture_Store,18.jpg,,fail,Shopify 406: 
11,0011_YESWOOD_Furniture_Store,19.png,,fail,Shopify 406: 
11,0011_YESWOOD_Furniture_Store,20.jpg,,fail,Shopify 406: 
12,0012_YESWOOD_Furniture_Store,01.jpg,,fail,Shopify 406: 
12,0012_YESWOOD_Furniture_Store,02.jpg,,fail,Shopify 406: 
12,0012_YESWOOD_Furniture_Store,03.jpg,,fail,Shopify 406: 
12,0012_YESWOOD_Furniture_Store,04.jpg,,fail,Shopify 406: 
12,0012_YESWOOD_Furniture_Store,05.jpg,,fail,Shopify 406: 
12,0012_YESWOOD_Furniture_Store,06.jpg,,fail,Shopify 406: 
13,0013_YESWOOD_Furniture_Store,01.jpg,,fail,Shopify 406: 
13,0013_YESWOOD_Furniture_Store,02.jpg,,fail,Shopify 406: 
13,0013_YESWOOD_Furniture_Store,03.jpg,,fail,Shopify 406: 
13,0013_YESWOOD_Furniture_Store,04.jpg,,fail,Shopify 406: 
13,0013_YESWOOD_Furniture_Store,05.jpg,,fail,Shopify 406: 
13,0013_YESWOOD_Furniture_Store,06.jpg,,fail,Shopify 406: 
13,0013_YESWOOD_Furniture_Store,07.jpg,,fail,Shopify 406: 
13,0013_YESWOOD_Furniture_Store,08.jpg,,fail,Shopify 406: 
13,0013_YESWOOD_Furniture_Store,09.jpg,,fail,Shopify 406: 
13,0013_YESWOOD_Furniture_Store,10.jpg,,fail,Shopify 406: 
13,0013_YESWOOD_Furniture_Store,11.jpg,,fail,Shopify 406: 
13,0013_YESWOOD_Furniture_Store,12.jpg,,fail,Shopify 406: 
13,0013_YESWOOD_Furniture_Store,13.jpg,,fail,Shopify 406: 
13,0013_YESWOOD_Furniture_Store,14.jpg,,fail,Shopify 406: 
13,0013_YESWOOD_Furniture_Store,15.jpg,,fail,Shopify 406: 
13,0013_YESWOOD_Furniture_Store,16.jpg,,fail,Shopify 406: 
13,0013_YESWOOD_Furniture_Store,17.jpg,,fail,Shopify 406: 
14,0014_YESWOOD_Furniture_Store,01.jpg,,fail,Shopify 406: 
14,0014_YESWOOD_Furniture_Store,02.jpg,,fail,Shopify 406: 
14,0014_YESWOOD_Furniture_Store,03.jpg,,fail,Shopify 406: 
14,0014_YESWOOD_Furniture_Store,04.jpg,,fail,Shopify 406: 
14,0014_YESWOOD_Furniture_Store,05.jpg,,fail,Shopify 406: 
14,0014_YESWOOD_Furniture_Store,06.jpg,,fail,Shopify 406: 
14,0014_YESWOOD_Furniture_Store,07.jpg,,fail,Shopify 406: 
14,0014_YESWOOD_Furniture_Store,08.jpg,,fail,Shopify 406: 
14,0014_YESWOOD_Furniture_Store,09.jpg,,fail,Shopify 406: 
14,0014_YESWOOD_Furniture_Store,10.jpg,,fail,Shopify 406: 
15,0015_YESWOOD_Furniture_Store,01.jpg,,fail,Shopify 406: 
15,0015_YESWOOD_Furniture_Store,02.jpg,,fail,Shopify 406: 
15,0015_YESWOOD_Furniture_Store,03.jpg,,fail,Shopify 406: 
15,0015_YESWOOD_Furniture_Store,04.jpg,,fail,Shopify 406: 
15,0015_YESWOOD_Furniture_Store,05.jpg,,fail,Shopify 406: 
15,0015_YESWOOD_Furniture_Store,06.jpg,,fail,Shopify 406: 
15,0015_YESWOOD_Furniture_Store,07.jpg,,fail,Shopify 406: 
15,0015_YESWOOD_Furniture_Store,08.jpg,,fail,Shopify 406: 
15,0015_YESWOOD_Furniture_Store,09.jpg,,fail,Shopify 406: 
16,0016_YESWOOD_Furniture_Store,01.jpg,,fail,Shopify 406: 
16,0016_YESWOOD_Furniture_Store,02.jpg,,fail,Shopify 406: 
16,0016_YESWOOD_Furniture_Store,03.jpg,,fail,Shopify 406: 
16,0016_YESWOOD_Furniture_Store,04.jpg,,fail,Shopify 406: 
16,0016_YESWOOD_Furniture_Store,05.jpg,,fail,Shopify 406: 
16,0016_YESWOOD_Furniture_Store,06.jpg,,fail,Shopify 406: 
16,0016_YESWOOD_Furniture_Store,07.jpg,,fail,Shopify 406: 
16,0016_YESWOOD_Furniture_Store,08.jpg,,fail,Shopify 406: 
17,0017_YESWOOD_Furniture_Store,01.jpg,,fail,Shopify 406: 
17,0017_YESWOOD_Furniture_Store,02.jpg,,fail,Shopify 406: 
17,0017_YESWOOD_Furniture_Store,03.jpg,,fail,Shopify 406: 
17,0017_YESWOOD_Furniture_Store,04.jpg,,fail,Shopify 406: 
17,0017_YESWOOD_Furniture_Store,05.jpg,,fail,Shopify 406: 
17,0017_YESWOOD_Furniture_Store,06.jpg,,fail,Shopify 406: 
17,0017_YESWOOD_Furniture_Store,07.jpg,,fail,Shopify 406: 
18,0018_YESWOOD_Furniture_Store,01.jpg,,fail,Shopify 406: 
18,0018_YESWOOD_Furniture_Store,02.jpg,,fail,Shopify 406: 
18,0018_YESWOOD_Furniture_Store,03.jpg,,fail,Shopify 406: 
18,0018_YESWOOD_Furniture_Store,04.jpg,,fail,Shopify 406: 
18,0018_YESWOOD_Furniture_Store,05.jpg,,fail,Shopify 406: 
18,0018_YESWOOD_Furniture_Store,06.jpg,,fail,Shopify 406: 
18,0018_YESWOOD_Furniture_Store,07.jpg,,fail,Shopify 406: 
18,0018_YESWOOD_Furniture_Store,08.jpg,,fail,Shopify 406: 
18,0018_YESWOOD_Furniture_Store,09.jpg,,fail,Shopify 406: 
19,0019_YESWOOD_Furniture_Store,01.jpg,,fail,Shopify 406: 
19,0019_YESWOOD_Furniture_Store,02.jpg,,fail,Shopify 406: 
19,0019_YESWOOD_Furniture_Store,03.jpg,,fail,Shopify 406: 
19,0019_YESWOOD_Furniture_Store,04.jpg,,fail,Shopify 406: 
19,0019_YESWOOD_Furniture_Store,05.jpg,,fail,Shopify 406: 
19,0019_YESWOOD_Furniture_Store,06.jpg,,fail,Shopify 406: 
20,0020_YESWOOD_Furniture_Store,01.jpg,,fail,Shopify 406: 
20,0020_YESWOOD_Furniture_Store,02.jpg,,fail,Shopify 406: 
20,0020_YESWOOD_Furniture_Store,03.jpg,,fail,Shopify 406: 
20,0020_YESWOOD_Furniture_Store,04.jpg,,fail,Shopify 406: 
20,0020_YESWOOD_Furniture_Store,05.jpg,,fail,Shopify 406: 
20,0020_YESWOOD_Furniture_Store,06.jpg,,fail,Shopify 406: 
21,0021_YESWOOD_Furniture_Store,01.jpg,,fail,Shopify 406: 
21,0021_YESWOOD_Furniture_Store,02.jpg,,fail,Shopify 406: 
21,0021_YESWOOD_Furniture_Store,03.jpg,,fail,Shopify 406: 
21,0021_YESWOOD_Furniture_Store,04.jpg,,fail,Shopify 406: 
21,0021_YESWOOD_Furniture_Store,05.jpg,,fail,Shopify 406: 
21,0021_YESWOOD_Furniture_Store,06.jpg,,fail,Shopify 406: 
21,0021_YESWOOD_Furniture_Store,07.jpg,,fail,Shopify 406: 
21,0021_YESWOOD_Furniture_Store,08.jpg,,fail,Shopify 406: 
22,0022_YESWOOD_Furniture_Store,01.jpg,,fail,Shopify 406: 
22,0022_YESWOOD_Furniture_Store,02.jpg,,fail,Shopify 406: 
22,0022_YESWOOD_Furniture_Store,03.jpg,,fail,Shopify 406: 
22,0022_YESWOOD_Furniture_Store,04.jpg,,fail,Shopify 406: 
22,0022_YESWOOD_Furniture_Store,05.jpg,,fail,Shopify 406: 
22,0022_YESWOOD_Furniture_Store,06.jpg,,fail,Shopify 406: 
22,0022_YESWOOD_Furniture_Store,07.jpg,,fail,Shopify 406: 
23,0023_YESWOOD_Furniture_Store,01.jpg,,fail,Shopify 406: 
23,0023_YESWOOD_Furniture_Store,02.jpg,,fail,Shopify 406: 
23,0023_YESWOOD_Furniture_Store,03.jpg,,fail,Shopify 406: 
23,0023_YESWOOD_Furniture_Store,04.jpg,,fail,Shopify 406: 
23,0023_YESWOOD_Furniture_Store,05.jpg,,fail,Shopify 406: 
23,0023_YESWOOD_Furniture_Store,06.jpg,,fail,Shopify 406: 
23,0023_YESWOOD_Furniture_Store,07.jpg,,fail,Shopify 406: 
23,0023_YESWOOD_Furniture_Store,08.jpg,,fail,Shopify 406: 
23,0023_YESWOOD_Furniture_Store,09.jpg,,fail,Shopify 406: 
23,0023_YESWOOD_Furniture_Store,10.jpg,,fail,Shopify 406: 
23,0023_YESWOOD_Furniture_Store,11.jpg,,fail,Shopify 406: 
23,0023_YESWOOD_Furniture_Store,12.jpg,,fail,Shopify 406: 
23,0023_YESWOOD_Furniture_Store,13.jpg,,fail,Shopify 406: 
24,0024_YESWOOD_Furniture_Store,01.jpg,,fail,Shopify 406: 
24,0024_YESWOOD_Furniture_Store,02.jpg,,fail,Shopify 406: 
24,0024_YESWOOD_Furniture_Store,03.jpg,,fail,Shopify 406: 
24,0024_YESWOOD_Furniture_Store,04.jpg,,fail,Shopify 406: 
24,0024_YESWOOD_Furniture_Store,05.jpg,,fail,Shopify 406: 
24,0024_YESWOOD_Furniture_Store,06.jpg,,fail,Shopify 406: 
24,0024_YESWOOD_Furniture_Store,07.jpg,,fail,Shopify 406: 
24,0024_YESWOOD_Furniture_Store,08.jpg,,fail,Shopify 406: 
24,0024_YESWOOD_Furniture_Store,09.jpg,,fail,Shopify 406: 
25,0025_YESWOOD_Furniture_Store,01.jpg,,fail,Shopify 406: 
25,0025_YESWOOD_Furniture_Store,02.jpg,,fail,Shopify 406: 
25,0025_YESWOOD_Furniture_Store,03.jpg,,fail,Shopify 406: 
25,0025_YESWOOD_Furniture_Store,04.jpg,,fail,Shopify 406: 
25,0025_YESWOOD_Furniture_Store,05.jpg,,fail,Shopify 406: 
25,0025_YESWOOD_Furniture_Store,06.jpg,,fail,Shopify 406: 
25,0025_YESWOOD_Furniture_Store,07.jpg,,fail,Shopify 406: 
25,0025_YESWOOD_Furniture_Store,08.jpg,,fail,Shopify 406: 
25,0025_YESWOOD_Furniture_Store,09.jpg,,fail,Shopify 406: 
25,0025_YESWOOD_Furniture_Store,10.jpg,,fail,Shopify 406: 
26,0026_YESWOOD_Furniture_Store,01.jpg,,fail,Shopify 406: 
26,0026_YESWOOD_Furniture_Store,02.jpg,,fail,Shopify 406: 
26,0026_YESWOOD_Furniture_Store,03.jpg,,fail,Shopify 406: 
26,0026_YESWOOD_Furniture_Store,04.jpg,,fail,Shopify 406: 
26,0026_YESWOOD_Furniture_Store,05.jpg,,fail,Shopify 406: 
26,0026_YESWOOD_Furniture_Store,06.jpg,,fail,Shopify 406: 
26,0026_YESWOOD_Furniture_Store,07.jpg,,fail,Shopify 406: 
26,0026_YESWOOD_Furniture_Store,08.jpg,,fail,Shopify 406: 
26,0026_YESWOOD_Furniture_Store,09.jpg,,fail,Shopify 406: 
26,0026_YESWOOD_Furniture_Store,10.jpg,,fail,Shopify 406: 
26,0026_YESWOOD_Furniture_Store,11.jpg,,fail,Shopify 406: 
27,0027_YESWOOD_Furniture_Store,01.jpg,,fail,Shopify 406: 
27,0027_YESWOOD_Furniture_Store,02.jpg,,fail,Shopify 406: 
27,0027_YESWOOD_Furniture_Store,03.jpg,,fail,Shopify 406: 
27,0027_YESWOOD_Furniture_Store,04.jpg,,fail,Shopify 406: 
27,0027_YESWOOD_Furniture_Store,05.jpg,,fail,Shopify 406: 
27,0027_YESWOOD_Furniture_Store,06.jpg,,fail,Shopify 406: 
27,0027_YESWOOD_Furniture_Store,07.jpg,,fail,Shopify 406: 
27,0027_YESWOOD_Furniture_Store,08.jpg,,fail,Shopify 406: 
27,0027_YESWOOD_Furniture_Store,09.jpg,,fail,Shopify 406: 
27,0027_YESWOOD_Furniture_Store,10.jpg,,fail,Shopify 406: 
27,0027_YESWOOD_Furniture_Store,11.jpg,,fail,Shopify 406: 
27,0027_YESWOOD_Furniture_Store,12.jpg,,fail,Shopify 406: 
28,0028_YESWOOD_Furniture_Store,01.jpg,,fail,Shopify 406: 
28,0028_YESWOOD_Furniture_Store,02.jpg,,fail,Shopify 406: 
28,0028_YESWOOD_Furniture_Store,03.jpg,,fail,Shopify 406: 
28,0028_YESWOOD_Furniture_Store,04.jpg,,fail,Shopify 406: 
28,0028_YESWOOD_Furniture_Store,05.jpg,,fail,Shopify 406: 
28,0028_YESWOOD_Furniture_Store,06.jpg,,fail,Shopify 406: 
28,0028_YESWOOD_Furniture_Store,07.jpg,,fail,Shopify 406: 
28,0028_YESWOOD_Furniture_Store,08.jpg,,fail,Shopify 406: 
28,0028_YESWOOD_Furniture_Store,09.jpg,,fail,Shopify 406: 
29,0029_YESWOOD_Furniture_Store,01.jpg,,fail,Shopify 406: 
29,0029_YESWOOD_Furniture_Store,02.jpg,,fail,Shopify 406: 
29,0029_YESWOOD_Furniture_Store,03.jpg,,fail,Shopify 406: 
29,0029_YESWOOD_Furniture_Store,04.jpg,,fail,Shopify 406: 
29,0029_YESWOOD_Furniture_Store,05.jpg,,fail,Shopify 406: 
29,0029_YESWOOD_Furniture_Store,06.jpg,,fail,Shopify 406: 
29,0029_YESWOOD_Furniture_Store,07.jpg,,fail,Shopify 406: 
29,0029_YESWOOD_Furniture_Store,08.jpg,,fail,Shopify 406: 
29,0029_YESWOOD_Furniture_Store,09.jpg,,fail,Shopify 406: 
30,0030_YESWOOD_Furniture_Store,01.jpg,,fail,Shopify 406: 
30,0030_YESWOOD_Furniture_Store,02.jpg,,fail,Shopify 406: 
30,0030_YESWOOD_Furniture_Store,03.jpg,,fail,Shopify 406: 
30,0030_YESWOOD_Furniture_Store,04.jpg,,fail,Shopify 406: 
30,0030_YESWOOD_Furniture_Store,05.jpg,,fail,Shopify 406: 
30,0030_YESWOOD_Furniture_Store,06.jpg,,fail,Shopify 406: 
30,0030_YESWOOD_Furniture_Store,07.jpg,,fail,Shopify 406: 
30,0030_YESWOOD_Furniture_Store,08.jpg,,fail,Shopify 406: 
31,0031_YESWOOD_Furniture_Store,01.jpg,,fail,Shopify 406: 
31,0031_YESWOOD_Furniture_Store,02.jpg,,fail,Shopify 406: 
31,0031_YESWOOD_Furniture_Store,03.jpg,,fail,Shopify 406: 
31,0031_YESWOOD_Furniture_Store,04.jpg,,fail,Shopify 406: 
31,0031_YESWOOD_Furniture_Store,05.jpg,,fail,Shopify 406: 
31,0031_YESWOOD_Furniture_Store,06.jpg,,fail,Shopify 406: 
31,0031_YESWOOD_Furniture_Store,07.jpg,,fail,Shopify 406: 
31,0031_YESWOOD_Furniture_Store,08.jpg,,fail,Shopify 406: 
31,0031_YESWOOD_Furniture_Store,09.jpg,,fail,Shopify 406: 
31,0031_YESWOOD_Furniture_Store,10.jpg,,fail,Shopify 406: 
31,0031_YESWOOD_Furniture_Store,11.jpg,,fail,Shopify 406: 
31,0031_YESWOOD_Furniture_Store,12.jpg,,fail,Shopify 406: 
31,0031_YESWOOD_Furniture_Store,13.jpg,,fail,Shopify 406: 
31,0031_YESWOOD_Furniture_Store,14.jpg,,fail,Shopify 406: 
32,0032_YESWOOD_Furniture_Store,01.jpg,,fail,Shopify 406: 
32,0032_YESWOOD_Furniture_Store,02.jpg,,fail,Shopify 406: 
32,0032_YESWOOD_Furniture_Store,03.jpg,,fail,Shopify 406: 
32,0032_YESWOOD_Furniture_Store,04.jpg,,fail,Shopify 406: 
32,0032_YESWOOD_Furniture_Store,05.jpg,,fail,Shopify 406: 
32,0032_YESWOOD_Furniture_Store,06.jpg,,fail,Shopify 406: 
32,0032_YESWOOD_Furniture_Store,07.jpg,,fail,Shopify 406: 
32,0032_YESWOOD_Furniture_Store,08.jpg,,fail,Shopify 406: 
32,0032_YESWOOD_Furniture_Store,09.jpg,,fail,Shopify 406: 
32,0032_YESWOOD_Furniture_Store,10.jpg,,fail,Shopify 406: 
32,0032_YESWOOD_Furniture_Store,11.jpg,,fail,Shopify 406: 
32,0032_YESWOOD_Furniture_Store,12.jpg,,fail,Shopify 406: 
32,0032_YESWOOD_Furniture_Store,13.jpg,,fail,Shopify 406: 
33,0033_YESWOOD_Furniture_Store,01.jpg,,fail,Shopify 406: 
33,0033_YESWOOD_Furniture_Store,02.jpg,,fail,Shopify 406: 
33,0033_YESWOOD_Furniture_Store,03.jpg,,fail,Shopify 406: 
33,0033_YESWOOD_Furniture_Store,04.jpg,,fail,Shopify 406: 
33,0033_YESWOOD_Furniture_Store,05.jpg,,fail,Shopify 406: 
33,0033_YESWOOD_Furniture_Store,06.jpg,,fail,Shopify 406: 
33,0033_YESWOOD_Furniture_Store,07.jpg,,fail,Shopify 406: 
33,0033_YESWOOD_Furniture_Store,08.jpg,,fail,Shopify 406: 
33,0033_YESWOOD_Furniture_Store,09.jpg,,fail,Shopify 406: 
33,0033_YESWOOD_Furniture_Store,10.jpg,,fail,Shopify 406: 
33,0033_YESWOOD_Furniture_Store,11.jpg,,fail,Shopify 406: 
33,0033_YESWOOD_Furniture_Store,12.jpg,,fail,Shopify 406: 
33,0033_YESWOOD_Furniture_Store,13.jpg,,fail,Shopify 406: 
33,0033_YESWOOD_Furniture_Store,14.jpg,,fail,Shopify 406: 
33,0033_YESWOOD_Furniture_Store,15.jpg,,fail,Shopify 406: 
33,0033_YESWOOD_Furniture_Store,16.jpg,,fail,Shopify 406: 
34,0034_YESWOOD_Furniture_Store,01.jpg,,fail,Shopify 406: 
34,0034_YESWOOD_Furniture_Store,02.jpg,,fail,Shopify 406: 
34,0034_YESWOOD_Furniture_Store,03.jpg,,fail,Shopify 406: 
34,0034_YESWOOD_Furniture_Store,04.jpg,,fail,Shopify 406: 
34,0034_YESWOOD_Furniture_Store,05.jpg,,fail,Shopify 406: 
34,0034_YESWOOD_Furniture_Store,06.jpg,,fail,Shopify 406: 
34,0034_YESWOOD_Furniture_Store,07.jpg,,fail,Shopify 406: 
34,0034_YESWOOD_Furniture_Store,08.jpg,,fail,Shopify 406: 
34,0034_YESWOOD_Furniture_Store,09.jpg,,fail,Shopify 406: 
35,0035_YESWOOD_Furniture_Store,01.jpg,,fail,Shopify 406: 
35,0035_YESWOOD_Furniture_Store,02.jpg,,fail,Shopify 406: 
35,0035_YESWOOD_Furniture_Store,03.jpg,,fail,Shopify 406: 
35,0035_YESWOOD_Furniture_Store,04.jpg,,fail,Shopify 406: 
35,0035_YESWOOD_Furniture_Store,05.jpg,,fail,Shopify 406: 
35,0035_YESWOOD_Furniture_Store,06.jpg,,fail,Shopify 406: 
35,0035_YESWOOD_Furniture_Store,07.jpg,,fail,Shopify 406: 
35,0035_YESWOOD_Furniture_Store,08.jpg,,fail,Shopify 406: 
35,0035_YESWOOD_Furniture_Store,09.jpg,,fail,Shopify 406: 
35,0035_YESWOOD_Furniture_Store,10.jpg,,fail,Shopify 406: 
36,0036_YESWOOD_Furniture_Store,01.jpg,,fail,Shopify 406: 
36,0036_YESWOOD_Furniture_Store,02.jpg,,fail,Shopify 406: 
36,0036_YESWOOD_Furniture_Store,03.jpg,,fail,Shopify 406: 
36,0036_YESWOOD_Furniture_Store,04.jpg,,fail,Shopify 406: 
36,0036_YESWOOD_Furniture_Store,05.jpg,,fail,Shopify 406: 
36,0036_YESWOOD_Furniture_Store,06.jpg,,fail,Shopify 406: 
36,0036_YESWOOD_Furniture_Store,07.jpg,,fail,Shopify 406: 
36,0036_YESWOOD_Furniture_Store,08.jpg,,fail,Shopify 406: 
36,0036_YESWOOD_Furniture_Store,09.jpg,,fail,Shopify 406: 
36,0036_YESWOOD_Furniture_Store,10.jpg,,fail,Shopify 406: 
36,0036_YESWOOD_Furniture_Store,11.jpg,,fail,Shopify 406: 
36,0036_YESWOOD_Furniture_Store,12.jpg,,fail,Shopify 406: 
36,0036_YESWOOD_Furniture_Store,13.jpg,,fail,Shopify 406: 
36,0036_YESWOOD_Furniture_Store,14.jpg,,fail,Shopify 406: 
37,0037_YESWOOD_Furniture_Store,01.jpg,,fail,Shopify 406: 
37,0037_YESWOOD_Furniture_Store,02.jpg,,fail,Shopify 406: 
37,0037_YESWOOD_Furniture_Store,03.jpg,,fail,Shopify 406: 
37,0037_YESWOOD_Furniture_Store,04.jpg,,fail,Shopify 406: 
37,0037_YESWOOD_Furniture_Store,05.jpg,,fail,Shopify 406: 
37,0037_YESWOOD_Furniture_Store,06.jpg,,fail,Shopify 406: 
37,0037_YESWOOD_Furniture_Store,07.jpg,,fail,Shopify 406: 
37,0037_YESWOOD_Furniture_Store,08.jpg,,fail,Shopify 406: 
37,0037_YESWOOD_Furniture_Store,09.jpg,,fail,Shopify 406: 
38,0038_YESWOOD_Furniture_Store,01.jpg,,fail,Shopify 406: 
38,0038_YESWOOD_Furniture_Store,02.jpg,,fail,Shopify 406: 
38,0038_YESWOOD_Furniture_Store,03.jpg,,fail,Shopify 406: 
38,0038_YESWOOD_Furniture_Store,04.jpg,,fail,Shopify 406: 
38,0038_YESWOOD_Furniture_Store,05.jpg,,fail,Shopify 406: 
38,0038_YESWOOD_Furniture_Store,06.jpg,,fail,Shopify 406: 
38,0038_YESWOOD_Furniture_Store,07.jpg,,fail,Shopify 406: 
38,0038_YESWOOD_Furniture_Store,08.jpg,,fail,Shopify 406: 
38,0038_YESWOOD_Furniture_Store,09.jpg,,fail,Shopify 406: 
38,0038_YESWOOD_Furniture_Store,10.jpg,,fail,Shopify 406: 
38,0038_YESWOOD_Furniture_Store,11.jpg,,fail,Shopify 406: 
38,0038_YESWOOD_Furniture_Store,12.jpg,,fail,Shopify 406: 
39,0039_YESWOOD_Furniture_Store,01.jpg,,fail,Shopify 406: 
39,0039_YESWOOD_Furniture_Store,02.jpg,,fail,Shopify 406: 
39,0039_YESWOOD_Furniture_Store,03.jpg,,fail,Shopify 406: 
39,0039_YESWOOD_Furniture_Store,04.jpg,,fail,Shopify 406: 
39,0039_YESWOOD_Furniture_Store,05.jpg,,fail,Shopify 406: 
39,0039_YESWOOD_Furniture_Store,06.jpg,,fail,Shopify 406: 
39,0039_YESWOOD_Furniture_Store,07.jpg,,fail,Shopify 406: 
39,0039_YESWOOD_Furniture_Store,08.jpg,,fail,Shopify 406: 
39,0039_YESWOOD_Furniture_Store,09.jpg,,fail,Shopify 406: 
39,0039_YESWOOD_Furniture_Store,10.jpg,,fail,Shopify 406: 
39,0039_YESWOOD_Furniture_Store,11.jpg,,fail,Shopify 406: 
39,0039_YESWOOD_Furniture_Store,12.jpg,,fail,Shopify 406: 
39,0039_YESWOOD_Furniture_Store,13.jpg,,fail,Shopify 406: 
39,0039_YESWOOD_Furniture_Store,14.jpg,,fail,Shopify 406: 
39,0039_YESWOOD_Furniture_Store,15.jpg,,fail,Shopify 406: 
39,0039_YESWOOD_Furniture_Store,16.jpg,,fail,Shopify 406: 
40,0040_YESWOOD_Furniture_Store,01.jpg,,fail,Shopify 406: 
40,0040_YESWOOD_Furniture_Store,02.jpg,,fail,Shopify 406: 
40,0040_YESWOOD_Furniture_Store,03.jpg,,fail,Shopify 406: 
40,0040_YESWOOD_Furniture_Store,04.jpg,,fail,Shopify 406: 
40,0040_YESWOOD_Furniture_Store,05.jpg,,fail,Shopify 406: 
40,0040_YESWOOD_Furniture_Store,06.jpg,,fail,Shopify 406: 
40,0040_YESWOOD_Furniture_Store,07.jpg,,fail,Shopify 406: 
40,0040_YESWOOD_Furniture_Store,08.jpg,,fail,Shopify 406: 
40,0040_YESWOOD_Furniture_Store,09.jpg,,fail,Shopify 406: 
40,0040_YESWOOD_Furniture_Store,10.jpg,,fail,Shopify 406: 
40,0040_YESWOOD_Furniture_Store,11.jpg,,fail,Shopify 406: 
40,0040_YESWOOD_Furniture_Store,12.jpg,,fail,Shopify 406: 
40,0040_YESWOOD_Furniture_Store,13.jpg,,fail,Shopify 406: 
41,0041_YESWOOD_Furniture_Store,01.jpg,,fail,Shopify 406: 
41,0041_YESWOOD_Furniture_Store,02.jpg,,fail,Shopify 406: 
41,0041_YESWOOD_Furniture_Store,03.jpg,,fail,Shopify 406: 
41,0041_YESWOOD_Furniture_Store,04.jpg,,fail,Shopify 406: 
41,0041_YESWOOD_Furniture_Store,05.jpg,,fail,Shopify 406: 
41,0041_YESWOOD_Furniture_Store,06.jpg,,fail,Shopify 406: 
41,0041_YESWOOD_Furniture_Store,07.jpg,,fail,Shopify 406: 
41,0041_YESWOOD_Furniture_Store,08.jpg,,fail,Shopify 406: 
41,0041_YESWOOD_Furniture_Store,09.jpg,,fail,Shopify 406: 
41,0041_YESWOOD_Furniture_Store,10.jpg,,fail,Shopify 406: 
41,0041_YESWOOD_Furniture_Store,11.jpg,,fail,Shopify 406: 
41,0041_YESWOOD_Furniture_Store,12.jpg,,fail,Shopify 406: 
41,0041_YESWOOD_Furniture_Store,13.jpg,,fail,Shopify 406: 
41,0041_YESWOOD_Furniture_Store,14.jpg,,fail,Shopify 406: 
41,0041_YESWOOD_Furniture_Store,15.jpg,,fail,Shopify 406: 
41,0041_YESWOOD_Furniture_Store,16.jpg,,fail,Shopify 406: 
41,0041_YESWOOD_Furniture_Store,17.jpg,,fail,Shopify 406: 
41,0041_YESWOOD_Furniture_Store,18.jpg,,fail,Shopify 406: 
41,0041_YESWOOD_Furniture_Store,19.jpg,,fail,Shopify 406: 
41,0041_YESWOOD_Furniture_Store,20.jpg,,fail,Shopify 406: 
42,0042_YESWOOD_Furniture_Store,01.jpg,,fail,Shopify 406: 
42,0042_YESWOOD_Furniture_Store,02.jpg,,fail,Shopify 406: 
42,0042_YESWOOD_Furniture_Store,03.jpg,,fail,Shopify 406: 
42,0042_YESWOOD_Furniture_Store,04.jpg,,fail,Shopify 406: 
42,0042_YESWOOD_Furniture_Store,05.jpg,,fail,Shopify 406: 
42,0042_YESWOOD_Furniture_Store,06.jpg,,fail,Shopify 406: 
42,0042_YESWOOD_Furniture_Store,07.jpg,,fail,Shopify 406: 
43,0043_YESWOOD_Furniture_Store,01.jpg,,fail,Shopify 406: 
43,0043_YESWOOD_Furniture_Store,02.jpg,,fail,Shopify 406: 
43,0043_YESWOOD_Furniture_Store,03.jpg,,fail,Shopify 406: 
43,0043_YESWOOD_Furniture_Store,04.jpg,,fail,Shopify 406: 
43,0043_YESWOOD_Furniture_Store,05.jpg,,fail,Shopify 406: 
43,0043_YESWOOD_Furniture_Store,06.jpg,,fail,Shopify 406: 
43,0043_YESWOOD_Furniture_Store,07.jpg,,fail,Shopify 406: 
43,0043_YESWOOD_Furniture_Store,08.jpg,,fail,Shopify 406: 
43,0043_YESWOOD_Furniture_Store,09.jpg,,fail,Shopify 406: 
43,0043_YESWOOD_Furniture_Store,10.jpg,,fail,Shopify 406: 
43,0043_YESWOOD_Furniture_Store,11.jpg,,fail,Shopify 406: 
43,0043_YESWOOD_Furniture_Store,12.jpg,,fail,Shopify 406: 
44,0044_YESWOOD_Furniture_Store,01.jpg,,fail,Shopify 406: 
44,0044_YESWOOD_Furniture_Store,02.jpg,,fail,Shopify 406: 
44,0044_YESWOOD_Furniture_Store,03.jpg,,fail,Shopify 406: 
44,0044_YESWOOD_Furniture_Store,04.jpg,,fail,Shopify 406: 
44,0044_YESWOOD_Furniture_Store,05.jpg,,fail,Shopify 406: 
44,0044_YESWOOD_Furniture_Store,06.jpg,,fail,Shopify 406: 
44,0044_YESWOOD_Furniture_Store,07.jpg,,fail,Shopify 406: 
44,0044_YESWOOD_Furniture_Store,08.jpg,,fail,Shopify 406: 
45,0045_YESWOOD_Furniture_Store,01.jpg,,fail,Shopify 406: 
45,0045_YESWOOD_Furniture_Store,02.jpg,,fail,Shopify 406: 
45,0045_YESWOOD_Furniture_Store,03.jpg,,fail,Shopify 406: 
45,0045_YESWOOD_Furniture_Store,04.jpg,,fail,Shopify 406: 
45,0045_YESWOOD_Furniture_Store,05.jpg,,fail,Shopify 406: 
45,0045_YESWOOD_Furniture_Store,06.jpg,,fail,Shopify 406: 
45,0045_YESWOOD_Furniture_Store,07.jpg,,fail,Shopify 406: 
46,0046_YESWOOD_Furniture_Store,01.jpg,,fail,Shopify 406: 
46,0046_YESWOOD_Furniture_Store,02.jpg,,fail,Shopify 406: 
46,0046_YESWOOD_Furniture_Store,03.jpg,,fail,Shopify 406: 
46,0046_YESWOOD_Furniture_Store,04.jpg,,fail,Shopify 406: 
46,0046_YESWOOD_Furniture_Store,05.jpg,,fail,Shopify 406: 
46,0046_YESWOOD_Furniture_Store,06.jpg,,fail,Shopify 406: 
46,0046_YESWOOD_Furniture_Store,07.jpg,,fail,Shopify 406: 
46,0046_YESWOOD_Furniture_Store,08.jpg,,fail,Shopify 406: 
46,0046_YESWOOD_Furniture_Store,09.jpg,,fail,Shopify 406: 
46,0046_YESWOOD_Furniture_Store,10.jpg,,fail,Shopify 406: 
46,0046_YESWOOD_Furniture_Store,11.jpg,,fail,Shopify 406: 
46,0046_YESWOOD_Furniture_Store,12.jpg,,fail,Shopify 406: 
47,0047_YESWOOD_Furniture_Store,01.jpg,,fail,Shopify 406: 
47,0047_YESWOOD_Furniture_Store,02.jpg,,fail,Shopify 406: 
47,0047_YESWOOD_Furniture_Store,03.jpg,,fail,Shopify 406: 
47,0047_YESWOOD_Furniture_Store,04.jpg,,fail,Shopify 406: 
47,0047_YESWOOD_Furniture_Store,05.jpg,,fail,Shopify 406: 
47,0047_YESWOOD_Furniture_Store,06.jpg,,fail,Shopify 406: 
47,0047_YESWOOD_Furniture_Store,07.jpg,,fail,Shopify 406: 
47,0047_YESWOOD_Furniture_Store,08.jpg,,fail,Shopify 406: 
47,0047_YESWOOD_Furniture_Store,09.jpg,,fail,Shopify 406: 
47,0047_YESWOOD_Furniture_Store,10.jpg,,fail,Shopify 406: 
47,0047_YESWOOD_Furniture_Store,11.jpg,,fail,Shopify 406: 
47,0047_YESWOOD_Furniture_Store,12.jpg,,fail,Shopify 406: 
48,0048_YESWOOD_Furniture_Store,01.jpg,,fail,Shopify 406: 
48,0048_YESWOOD_Furniture_Store,02.jpg,,fail,Shopify 406: 
48,0048_YESWOOD_Furniture_Store,03.jpg,,fail,Shopify 406: 
48,0048_YESWOOD_Furniture_Store,04.jpg,,fail,Shopify 406: 
48,0048_YESWOOD_Furniture_Store,05.jpg,,fail,Shopify 406: 
48,0048_YESWOOD_Furniture_Store,06.jpg,,fail,Shopify 406: 
48,0048_YESWOOD_Furniture_Store,07.jpg,,fail,Shopify 406: 
48,0048_YESWOOD_Furniture_Store,08.jpg,,fail,Shopify 406: 
48,0048_YESWOOD_Furniture_Store,09.jpg,,fail,Shopify 406: 
48,0048_YESWOOD_Furniture_Store,10.jpg,,fail,Shopify 406: 
48,0048_YESWOOD_Furniture_Store,11.jpg,,fail,Shopify 406: 
48,0048_YESWOOD_Furniture_Store,12.jpg,,fail,Shopify 406: 
49,0049_YESWOOD_Furniture_Store,01.jpg,,fail,Shopify 406: 
49,0049_YESWOOD_Furniture_Store,02.jpg,,fail,Shopify 406: 
49,0049_YESWOOD_Furniture_Store,03.jpg,,fail,Shopify 406: 
49,0049_YESWOOD_Furniture_Store,04.jpg,,fail,Shopify 406: 
49,0049_YESWOOD_Furniture_Store,05.jpg,,fail,Shopify 406: 
49,0049_YESWOOD_Furniture_Store,06.jpg,,fail,Shopify 406: 
49,0049_YESWOOD_Furniture_Store,07.jpg,,fail,Shopify 406: 
49,0049_YESWOOD_Furniture_Store,08.jpg,,fail,Shopify 406: 
49,0049_YESWOOD_Furniture_Store,09.jpg,,fail,Shopify 406: 
49,0049_YESWOOD_Furniture_Store,10.jpg,,fail,Shopify 406: 
49,0049_YESWOOD_Furniture_Store,11.jpg,,fail,Shopify 406: 
49,0049_YESWOOD_Furniture_Store,12.jpg,,fail,Shopify 406: 
50,0050_YESWOOD_Furniture_Store,01.jpg,,fail,Shopify 406: 
50,0050_YESWOOD_Furniture_Store,02.jpg,,fail,Shopify 406: 
50,0050_YESWOOD_Furniture_Store,03.jpg,,fail,Shopify 406: 
50,0050_YESWOOD_Furniture_Store,04.jpg,,fail,Shopify 406: 
50,0050_YESWOOD_Furniture_Store,05.jpg,,fail,Shopify 406: 
50,0050_YESWOOD_Furniture_Store,06.jpg,,fail,Shopify 406: 
50,0050_YESWOOD_Furniture_Store,07.jpg,,fail,Shopify 406: 
50,0050_YESWOOD_Furniture_Store,08.jpg,,fail,Shopify 406: 
50,0050_YESWOOD_Furniture_Store,09.jpg,,fail,Shopify 406: 
50,0050_YESWOOD_Furniture_Store,10.jpg,,fail,Shopify 406: 
51,0051_YESWOOD_Furniture_Store,01.jpg,,fail,Shopify 406: 
51,0051_YESWOOD_Furniture_Store,02.jpg,,fail,Shopify 406: 
51,0051_YESWOOD_Furniture_Store,03.jpg,,fail,Shopify 406: 
51,0051_YESWOOD_Furniture_Store,04.jpg,,fail,Shopify 406: 
51,0051_YESWOOD_Furniture_Store,05.jpg,,fail,Shopify 406: 
51,0051_YESWOOD_Furniture_Store,06.jpg,,fail,Shopify 406: 
51,0051_YESWOOD_Furniture_Store,07.jpg,,fail,Shopify 406: 
51,0051_YESWOOD_Furniture_Store,08.jpg,,fail,Shopify 406: 
51,0051_YESWOOD_Furniture_Store,09.jpg,,fail,Shopify 406: 
51,0051_YESWOOD_Furniture_Store,10.jpg,,fail,Shopify 406: 
51,0051_YESWOOD_Furniture_Store,11.jpg,,fail,Shopify 406: 
52,0052_YESWOOD_Furniture_Store,01.jpg,,fail,Shopify 406: 
52,0052_YESWOOD_Furniture_Store,02.jpg,,fail,Shopify 406: 
52,0052_YESWOOD_Furniture_Store,03.jpg,,fail,Shopify 406: 
52,0052_YESWOOD_Furniture_Store,04.jpg,,fail,Shopify 406: 
52,0052_YESWOOD_Furniture_Store,05.jpg,,fail,Shopify 406: 
52,0052_YESWOOD_Furniture_Store,06.jpg,,fail,Shopify 406: 
52,0052_YESWOOD_Furniture_Store,07.jpg,,fail,Shopify 406: 
52,0052_YESWOOD_Furniture_Store,08.jpg,,fail,Shopify 406: 
52,0052_YESWOOD_Furniture_Store,09.jpg,,fail,Shopify 406: 
52,0052_YESWOOD_Furniture_Store,10.jpg,,fail,Shopify 406: 
53,0053_YESWOOD_Furniture_Store,01.jpg,,fail,Shopify 406: 
53,0053_YESWOOD_Furniture_Store,02.jpg,,fail,Shopify 406: 
53,0053_YESWOOD_Furniture_Store,03.jpg,,fail,Shopify 406: 
53,0053_YESWOOD_Furniture_Store,04.jpg,,fail,Shopify 406: 
53,0053_YESWOOD_Furniture_Store,05.jpg,,fail,Shopify 406: 
53,0053_YESWOOD_Furniture_Store,06.jpg,,fail,Shopify 406: 
53,0053_YESWOOD_Furniture_Store,07.jpg,,fail,Shopify 406: 
53,0053_YESWOOD_Furniture_Store,08.jpg,,fail,Shopify 406: 
53,0053_YESWOOD_Furniture_Store,09.jpg,,fail,Shopify 406: 
53,0053_YESWOOD_Furniture_Store,10.jpg,,fail,Shopify 406: 
53,0053_YESWOOD_Furniture_Store,11.jpg,,fail,Shopify 406: 
53,0053_YESWOOD_Furniture_Store,12.jpg,,fail,Shopify 406: 
53,0053_YESWOOD_Furniture_Store,13.jpg,,fail,Shopify 406: 
54,0054_YESWOOD_Furniture_Store,01.jpg,,fail,Shopify 406: 
54,0054_YESWOOD_Furniture_Store,02.jpg,,fail,Shopify 406: 
54,0054_YESWOOD_Furniture_Store,03.jpg,,fail,Shopify 406: 
54,0054_YESWOOD_Furniture_Store,04.jpg,,fail,Shopify 406: 
54,0054_YESWOOD_Furniture_Store,05.jpg,,fail,Shopify 406: 
54,0054_YESWOOD_Furniture_Store,06.jpg,,fail,Shopify 406: 
54,0054_YESWOOD_Furniture_Store,07.jpg,,fail,Shopify 406: 
54,0054_YESWOOD_Furniture_Store,08.jpg,,fail,Shopify 406: 
54,0054_YESWOOD_Furniture_Store,09.jpg,,fail,Shopify 406: 
54,0054_YESWOOD_Furniture_Store,10.jpg,,fail,Shopify 406: 
54,0054_YESWOOD_Furniture_Store,11.jpg,,fail,Shopify 406: 
55,0055_YESWOOD_Furniture_Store,01.jpg,,fail,Shopify 406: 
55,0055_YESWOOD_Furniture_Store,02.jpg,,fail,Shopify 406: 
55,0055_YESWOOD_Furniture_Store,03.jpg,,fail,Shopify 406: 
55,0055_YESWOOD_Furniture_Store,04.jpg,,fail,Shopify 406: 
55,0055_YESWOOD_Furniture_Store,05.jpg,,fail,Shopify 406: 
55,0055_YESWOOD_Furniture_Store,06.jpg,,fail,Shopify 406: 
55,0055_YESWOOD_Furniture_Store,07.jpg,,fail,Shopify 406: 
55,0055_YESWOOD_Furniture_Store,08.jpg,,fail,Shopify 406: 
55,0055_YESWOOD_Furniture_Store,09.jpg,,fail,Shopify 406: 
55,0055_YESWOOD_Furniture_Store,10.jpg,,fail,Shopify 406: 
55,0055_YESWOOD_Furniture_Store,11.jpg,,fail,Shopify 406: 
55,0055_YESWOOD_Furniture_Store,12.jpg,,fail,Shopify 406: 
56,0056_YESWOOD_Furniture_Store,01.jpg,,fail,Shopify 406: 
56,0056_YESWOOD_Furniture_Store,02.jpg,,fail,Shopify 406: 
56,0056_YESWOOD_Furniture_Store,03.jpg,,fail,Shopify 406: 
56,0056_YESWOOD_Furniture_Store,04.jpg,,fail,Shopify 406: 
56,0056_YESWOOD_Furniture_Store,05.jpg,,fail,Shopify 406: 
56,0056_YESWOOD_Furniture_Store,06.jpg,,fail,Shopify 406: 
56,0056_YESWOOD_Furniture_Store,07.jpg,,fail,Shopify 406: 
56,0056_YESWOOD_Furniture_Store,08.jpg,,fail,Shopify 406: 
56,0056_YESWOOD_Furniture_Store,09.jpg,,fail,Shopify 406: 
56,0056_YESWOOD_Furniture_Store,10.jpg,,fail,Shopify 406: 
56,0056_YESWOOD_Furniture_Store,11.jpg,,fail,Shopify 406: 
56,0056_YESWOOD_Furniture_Store,12.jpg,,fail,Shopify 406: 
57,0057_YESWOOD_Furniture_Store,01.jpg,,fail,Shopify 406: 
57,0057_YESWOOD_Furniture_Store,02.jpg,,fail,Shopify 406: 
57,0057_YESWOOD_Furniture_Store,03.jpg,,fail,Shopify 406: 
57,0057_YESWOOD_Furniture_Store,04.jpg,,fail,Shopify 406: 
57,0057_YESWOOD_Furniture_Store,05.jpg,,fail,Shopify 406: 
57,0057_YESWOOD_Furniture_Store,06.jpg,,fail,Shopify 406: 
57,0057_YESWOOD_Furniture_Store,07.jpg,,fail,Shopify 406: 
57,0057_YESWOOD_Furniture_Store,08.jpg,,fail,Shopify 406: 
57,0057_YESWOOD_Furniture_Store,09.jpg,,fail,Shopify 406: 
57,0057_YESWOOD_Furniture_Store,10.jpg,,fail,Shopify 406: 
57,0057_YESWOOD_Furniture_Store,11.jpg,,fail,Shopify 406: 
57,0057_YESWOOD_Furniture_Store,12.jpg,,fail,Shopify 406: 
58,0058_YESWOOD_Furniture_Store,01.jpg,,fail,Shopify 406: 
58,0058_YESWOOD_Furniture_Store,02.jpg,,fail,Shopify 406: 
58,0058_YESWOOD_Furniture_Store,03.jpg,,fail,Shopify 406: 
58,0058_YESWOOD_Furniture_Store,04.jpg,,fail,Shopify 406: 
58,0058_YESWOOD_Furniture_Store,05.jpg,,fail,Shopify 406: 
58,0058_YESWOOD_Furniture_Store,06.jpg,,fail,Shopify 406: 
58,0058_YESWOOD_Furniture_Store,07.jpg,,fail,Shopify 406: 
58,0058_YESWOOD_Furniture_Store,08.jpg,,fail,Shopify 406: 
58,0058_YESWOOD_Furniture_Store,09.jpg,,fail,Shopify 406: 
58,0058_YESWOOD_Furniture_Store,10.jpg,,fail,Shopify 406: 
58,0058_YESWOOD_Furniture_Store,11.jpg,,fail,Shopify 406: 
58,0058_YESWOOD_Furniture_Store,12.jpg,,fail,Shopify 406: 
58,0058_YESWOOD_Furniture_Store,13.jpg,,fail,Shopify 406: 
58,0058_YESWOOD_Furniture_Store,14.jpg,,fail,Shopify 406: 
59,0059_YESWOOD_Furniture_Store,01.png,,fail,Shopify 406: 
59,0059_YESWOOD_Furniture_Store,02.jpg,,fail,Shopify 406: 
59,0059_YESWOOD_Furniture_Store,03.jpg,,fail,Shopify 406: 
59,0059_YESWOOD_Furniture_Store,04.jpg,,fail,Shopify 406: 
59,0059_YESWOOD_Furniture_Store,05.jpg,,fail,Shopify 406: 
59,0059_YESWOOD_Furniture_Store,06.jpg,,fail,Shopify 406: 
59,0059_YESWOOD_Furniture_Store,07.jpg,,fail,Shopify 406: 
59,0059_YESWOOD_Furniture_Store,08.jpg,,fail,Shopify 406: 
59,0059_YESWOOD_Furniture_Store,09.jpg,,fail,Shopify 406: 
59,0059_YESWOOD_Furniture_Store,10.jpg,,fail,Shopify 406: 
59,0059_YESWOOD_Furniture_Store,11.jpg,,fail,Shopify 406: 
59,0059_YESWOOD_Furniture_Store,12.jpg,,fail,Shopify 406: 
59,0059_YESWOOD_Furniture_Store,13.jpg,,fail,Shopify 406: 
60,0060_YESWOOD_Furniture_Store,01.jpg,,fail,Shopify 406: 
60,0060_YESWOOD_Furniture_Store,02.jpg,,fail,Shopify 406: 
60,0060_YESWOOD_Furniture_Store,03.jpg,,fail,Shopify 406: 
60,0060_YESWOOD_Furniture_Store,04.jpg,,fail,Shopify 406: 
60,0060_YESWOOD_Furniture_Store,05.jpg,,fail,Shopify 406: 
60,0060_YESWOOD_Furniture_Store,06.jpg,,fail,Shopify 406: 
60,0060_YESWOOD_Furniture_Store,07.jpg,,fail,Shopify 406: 
60,0060_YESWOOD_Furniture_Store,08.jpg,,fail,Shopify 406: 
61,0061_YESWOOD_Furniture_Store,01.jpg,,fail,Shopify 406: 
61,0061_YESWOOD_Furniture_Store,02.jpg,,fail,Shopify 406: 
61,0061_YESWOOD_Furniture_Store,03.jpg,,fail,Shopify 406: 
61,0061_YESWOOD_Furniture_Store,04.jpg,,fail,Shopify 406: 
61,0061_YESWOOD_Furniture_Store,05.jpg,,fail,Shopify 406: 
61,0061_YESWOOD_Furniture_Store,06.jpg,,fail,Shopify 406: 
61,0061_YESWOOD_Furniture_Store,07.jpg,,fail,Shopify 406: 
61,0061_YESWOOD_Furniture_Store,08.jpg,,fail,Shopify 406: 
61,0061_YESWOOD_Furniture_Store,09.jpg,,fail,Shopify 406: 
61,0061_YESWOOD_Furniture_Store,10.jpg,,fail,Shopify 406: 
61,0061_YESWOOD_Furniture_Store,11.jpg,,fail,Shopify 406: 
61,0061_YESWOOD_Furniture_Store,12.jpg,,fail,Shopify 406: 
61,0061_YESWOOD_Furniture_Store,13.jpg,,fail,Shopify 406: 
61,0061_YESWOOD_Furniture_Store,14.jpg,,fail,Shopify 406: 
62,0062_YESWOOD_Furniture_Store,01.jpg,,fail,Shopify 406: 
62,0062_YESWOOD_Furniture_Store,02.jpg,,fail,Shopify 406: 
62,0062_YESWOOD_Furniture_Store,03.jpg,,fail,Shopify 406: 
62,0062_YESWOOD_Furniture_Store,04.jpg,,fail,Shopify 406: 
62,0062_YESWOOD_Furniture_Store,05.jpg,,fail,Shopify 406: 
62,0062_YESWOOD_Furniture_Store,06.jpg,,fail,Shopify 406: 
62,0062_YESWOOD_Furniture_Store,07.jpg,,fail,Shopify 406: 
62,0062_YESWOOD_Furniture_Store,08.jpg,,fail,Shopify 406: 
62,0062_YESWOOD_Furniture_Store,09.jpg,,fail,Shopify 406: 
62,0062_YESWOOD_Furniture_Store,10.jpg,,fail,Shopify 406: 
62,0062_YESWOOD_Furniture_Store,11.jpg,,fail,Shopify 406: 
63,0063_YESWOOD_Furniture_Store,01.jpg,,fail,Shopify 406: 
63,0063_YESWOOD_Furniture_Store,02.jpg,,fail,Shopify 406: 
63,0063_YESWOOD_Furniture_Store,03.jpg,,fail,Shopify 406: 
63,0063_YESWOOD_Furniture_Store,04.jpg,,fail,Shopify 406: 
63,0063_YESWOOD_Furniture_Store,05.jpg,,fail,Shopify 406: 
63,0063_YESWOOD_Furniture_Store,06.jpg,,fail,Shopify 406: 
63,0063_YESWOOD_Furniture_Store,07.jpg,,fail,Shopify 406: 
64,0064_YESWOOD_Furniture_Store,01.jpg,,fail,Shopify 406: 
64,0064_YESWOOD_Furniture_Store,02.jpg,,fail,Shopify 406: 
64,0064_YESWOOD_Furniture_Store,03.jpg,,fail,Shopify 406: 
64,0064_YESWOOD_Furniture_Store,04.jpg,,fail,Shopify 406: 
64,0064_YESWOOD_Furniture_Store,05.jpg,,fail,Shopify 406: 
64,0064_YESWOOD_Furniture_Store,06.jpg,,fail,Shopify 406: 
64,0064_YESWOOD_Furniture_Store,07.jpg,,fail,Shopify 406: 
64,0064_YESWOOD_Furniture_Store,08.jpg,,fail,Shopify 406: 
64,0064_YESWOOD_Furniture_Store,09.jpg,,fail,Shopify 406: 
64,0064_YESWOOD_Furniture_Store,10.jpg,,fail,Shopify 406: 
64,0064_YESWOOD_Furniture_Store,11.jpg,,fail,Shopify 406: 
65,0065_YESWOOD_Furniture_Store,01.jpg,,fail,Shopify 406: 
65,0065_YESWOOD_Furniture_Store,02.jpg,,fail,Shopify 406: 
65,0065_YESWOOD_Furniture_Store,03.jpg,,fail,Shopify 406: 
65,0065_YESWOOD_Furniture_Store,04.jpg,,fail,Shopify 406: 
65,0065_YESWOOD_Furniture_Store,05.jpg,,fail,Shopify 406: 
65,0065_YESWOOD_Furniture_Store,06.jpg,,fail,Shopify 406: 
65,0065_YESWOOD_Furniture_Store,07.jpg,,fail,Shopify 406: 
65,0065_YESWOOD_Furniture_Store,08.jpg,,fail,Shopify 406: 
65,0065_YESWOOD_Furniture_Store,09.jpg,,fail,Shopify 406: 
65,0065_YESWOOD_Furniture_Store,10.jpg,,fail,Shopify 406: 
66,0066_YESWOOD_Furniture_Store,01.jpg,,fail,Shopify 406: 
66,0066_YESWOOD_Furniture_Store,02.jpg,,fail,Shopify 406: 
66,0066_YESWOOD_Furniture_Store,03.jpg,,fail,Shopify 406: 
66,0066_YESWOOD_Furniture_Store,04.jpg,,fail,Shopify 406: 
66,0066_YESWOOD_Furniture_Store,05.jpg,,fail,Shopify 406: 
66,0066_YESWOOD_Furniture_Store,06.jpg,,fail,Shopify 406: 
66,0066_YESWOOD_Furniture_Store,07.jpg,,fail,Shopify 406: 
66,0066_YESWOOD_Furniture_Store,08.jpg,,fail,Shopify 406: 
66,0066_YESWOOD_Furniture_Store,09.jpg,,fail,Shopify 406: 
67,0067_YESWOOD_Furniture_Store,01.jpg,,fail,Shopify 406: 
67,0067_YESWOOD_Furniture_Store,02.jpg,,fail,Shopify 406: 
67,0067_YESWOOD_Furniture_Store,03.jpg,,fail,Shopify 406: 
67,0067_YESWOOD_Furniture_Store,04.jpg,,fail,Shopify 406: 
67,0067_YESWOOD_Furniture_Store,05.jpg,,fail,Shopify 406: 
67,0067_YESWOOD_Furniture_Store,06.jpg,,fail,Shopify 406: 
67,0067_YESWOOD_Furniture_Store,07.jpg,,fail,Shopify 406: 
67,0067_YESWOOD_Furniture_Store,08.jpg,,fail,Shopify 406: 
67,0067_YESWOOD_Furniture_Store,09.jpg,,fail,Shopify 406: 
67,0067_YESWOOD_Furniture_Store,10.jpg,,fail,Shopify 406: 
67,0067_YESWOOD_Furniture_Store,11.png,,fail,Shopify 406: 
67,0067_YESWOOD_Furniture_Store,12.jpg,,fail,Shopify 406: 
67,0067_YESWOOD_Furniture_Store,13.jpg,,fail,Shopify 406: 
67,0067_YESWOOD_Furniture_Store,14.jpg,,fail,Shopify 406: 
67,0067_YESWOOD_Furniture_Store,15.jpg,,fail,Shopify 406: 
68,0068_YESWOOD_Furniture_Store,01.jpg,,fail,Shopify 406: 
68,0068_YESWOOD_Furniture_Store,02.jpg,,fail,Shopify 406: 
68,0068_YESWOOD_Furniture_Store,03.jpg,,fail,Shopify 406: 
68,0068_YESWOOD_Furniture_Store,04.jpg,,fail,Shopify 406: 
68,0068_YESWOOD_Furniture_Store,05.jpg,,fail,Shopify 406: 
68,0068_YESWOOD_Furniture_Store,06.jpg,,fail,Shopify 406: 
68,0068_YESWOOD_Furniture_Store,07.jpg,,fail,Shopify 406: 
68,0068_YESWOOD_Furniture_Store,08.jpg,,fail,Shopify 406: 
69,0069_YESWOOD_Furniture_Store,01.jpg,,fail,Shopify 406: 
69,0069_YESWOOD_Furniture_Store,02.jpg,,fail,Shopify 406: 
69,0069_YESWOOD_Furniture_Store,03.jpg,,fail,Shopify 406: 
69,0069_YESWOOD_Furniture_Store,04.jpg,,fail,Shopify 406: 
69,0069_YESWOOD_Furniture_Store,05.jpg,,fail,Shopify 406: 
69,0069_YESWOOD_Furniture_Store,06.jpg,,fail,Shopify 406: 
69,0069_YESWOOD_Furniture_Store,07.jpg,,fail,Shopify 406: 
69,0069_YESWOOD_Furniture_Store,08.jpg,,fail,Shopify 406: 
70,0070_YESWOOD_Furniture_Store,01.jpg,,fail,Shopify 406: 
70,0070_YESWOOD_Furniture_Store,02.jpg,,fail,Shopify 406: 
70,0070_YESWOOD_Furniture_Store,03.jpg,,fail,Shopify 406: 
70,0070_YESWOOD_Furniture_Store,04.jpg,,fail,Shopify 406: 
70,0070_YESWOOD_Furniture_Store,05.jpg,,fail,Shopify 406: 
70,0070_YESWOOD_Furniture_Store,06.jpg,,fail,Shopify 406: 
70,0070_YESWOOD_Furniture_Store,07.jpg,,fail,Shopify 406: 
70,0070_YESWOOD_Furniture_Store,08.jpg,,fail,Shopify 406: 
70,0070_YESWOOD_Furniture_Store,09.jpg,,fail,Shopify 406: 
70,0070_YESWOOD_Furniture_Store,10.jpg,,fail,Shopify 406: 
71,0071_YESWOOD_Furniture_Store,01.jpg,,fail,Shopify 406: 
71,0071_YESWOOD_Furniture_Store,02.jpg,,fail,Shopify 406: 
71,0071_YESWOOD_Furniture_Store,03.jpg,,fail,Shopify 406: 
71,0071_YESWOOD_Furniture_Store,04.jpg,,fail,Shopify 406: 
71,0071_YESWOOD_Furniture_Store,05.jpg,,fail,Shopify 406: 
71,0071_YESWOOD_Furniture_Store,06.jpg,,fail,Shopify 406: 
71,0071_YESWOOD_Furniture_Store,07.jpg,,fail,Shopify 406: 
71,0071_YESWOOD_Furniture_Store,08.jpg,,fail,Shopify 406: 
71,0071_YESWOOD_Furniture_Store,09.jpg,,fail,Shopify 406: 
71,0071_YESWOOD_Furniture_Store,10.jpg,,fail,Shopify 406: 
72,0072_YESWOOD_Furniture_Store,01.jpg,,fail,Shopify 406: 
72,0072_YESWOOD_Furniture_Store,02.jpg,,fail,Shopify 406: 
72,0072_YESWOOD_Furniture_Store,03.jpg,,fail,Shopify 406: 
72,0072_YESWOOD_Furniture_Store,04.jpg,,fail,Shopify 406: 
72,0072_YESWOOD_Furniture_Store,05.jpg,,fail,Shopify 406: 
72,0072_YESWOOD_Furniture_Store,06.jpg,,fail,Shopify 406: 
72,0072_YESWOOD_Furniture_Store,07.jpg,,fail,Shopify 406: 
72,0072_YESWOOD_Furniture_Store,08.jpg,,fail,Shopify 406: 
72,0072_YESWOOD_Furniture_Store,09.jpg,,fail,Shopify 406: 
72,0072_YESWOOD_Furniture_Store,10.jpg,,fail,Shopify 406: 
73,0073_YESWOOD_Furniture_Store,01.jpg,,fail,Shopify 406: 
73,0073_YESWOOD_Furniture_Store,02.jpg,,fail,Shopify 406: 
73,0073_YESWOOD_Furniture_Store,03.jpg,,fail,Shopify 406: 
73,0073_YESWOOD_Furniture_Store,04.jpg,,fail,Shopify 406: 
73,0073_YESWOOD_Furniture_Store,05.jpg,,fail,Shopify 406: 
73,0073_YESWOOD_Furniture_Store,06.jpg,,fail,Shopify 406: 
73,0073_YESWOOD_Furniture_Store,07.jpg,,fail,Shopify 406: 
73,0073_YESWOOD_Furniture_Store,08.jpg,,fail,Shopify 406: 
73,0073_YESWOOD_Furniture_Store,09.jpg,,fail,Shopify 406: 
73,0073_YESWOOD_Furniture_Store,10.jpg,,fail,Shopify 406: 
74,0074_YESWOOD_Furniture_Store,01.jpg,,fail,Shopify 406: 
74,0074_YESWOOD_Furniture_Store,02.jpg,,fail,Shopify 406: 
74,0074_YESWOOD_Furniture_Store,03.jpg,,fail,Shopify 406: 
74,0074_YESWOOD_Furniture_Store,04.jpg,,fail,Shopify 406: 
74,0074_YESWOOD_Furniture_Store,05.jpg,,fail,Shopify 406: 
74,0074_YESWOOD_Furniture_Store,06.jpg,,fail,Shopify 406: 
74,0074_YESWOOD_Furniture_Store,07.jpg,,fail,Shopify 406: 
75,0075_YESWOOD_Furniture_Store,01.jpg,,fail,Shopify 406: 
75,0075_YESWOOD_Furniture_Store,02.jpg,,fail,Shopify 406: 
75,0075_YESWOOD_Furniture_Store,03.jpg,,fail,Shopify 406: 
75,0075_YESWOOD_Furniture_Store,04.jpg,,fail,Shopify 406: 
75,0075_YESWOOD_Furniture_Store,05.jpg,,fail,Shopify 406: 
75,0075_YESWOOD_Furniture_Store,06.jpg,,fail,Shopify 406: 
75,0075_YESWOOD_Furniture_Store,07.jpg,,fail,Shopify 406: 
76,0076_YESWOOD_Furniture_Store,01.jpg,,fail,Shopify 406: 
76,0076_YESWOOD_Furniture_Store,02.jpg,,fail,Shopify 406: 
76,0076_YESWOOD_Furniture_Store,03.jpg,,fail,Shopify 406: 
76,0076_YESWOOD_Furniture_Store,04.jpg,,fail,Shopify 406: 
76,0076_YESWOOD_Furniture_Store,05.jpg,,fail,Shopify 406: 
76,0076_YESWOOD_Furniture_Store,06.jpg,,fail,Shopify 406: 
76,0076_YESWOOD_Furniture_Store,07.jpg,,fail,Shopify 406: 
77,0077_YESWOOD_Furniture_Store,01.jpg,,fail,Shopify 406: 
77,0077_YESWOOD_Furniture_Store,02.jpg,,fail,Shopify 406: 
77,0077_YESWOOD_Furniture_Store,03.jpg,,fail,Shopify 406: 
77,0077_YESWOOD_Furniture_Store,04.jpg,,fail,Shopify 406: 
77,0077_YESWOOD_Furniture_Store,05.jpg,,fail,Shopify 406: 
77,0077_YESWOOD_Furniture_Store,06.jpg,,fail,Shopify 406: 
77,0077_YESWOOD_Furniture_Store,07.jpg,,fail,Shopify 406: 
78,0078_YESWOOD_Furniture_Store,01.jpg,,fail,Shopify 406: 
78,0078_YESWOOD_Furniture_Store,02.jpg,,fail,Shopify 406: 
78,0078_YESWOOD_Furniture_Store,03.jpg,,fail,Shopify 406: 
78,0078_YESWOOD_Furniture_Store,04.jpg,,fail,Shopify 406: 
78,0078_YESWOOD_Furniture_Store,05.jpg,,fail,Shopify 406: 
78,0078_YESWOOD_Furniture_Store,06.jpg,,fail,Shopify 406: 
78,0078_YESWOOD_Furniture_Store,07.jpg,,fail,Shopify 406: 
78,0078_YESWOOD_Furniture_Store,08.jpg,,fail,Shopify 406: 
78,0078_YESWOOD_Furniture_Store,09.jpg,,fail,Shopify 406: 
78,0078_YESWOOD_Furniture_Store,10.jpg,,fail,Shopify 406: 
78,0078_YESWOOD_Furniture_Store,11.jpg,,fail,Shopify 406: 
78,0078_YESWOOD_Furniture_Store,12.jpg,,fail,Shopify 406: 
79,0079_YESWOOD_Furniture_Store,01.jpg,,fail,Shopify 406: 
79,0079_YESWOOD_Furniture_Store,02.jpg,,fail,Shopify 406: 
79,0079_YESWOOD_Furniture_Store,03.jpg,,fail,Shopify 406: 
79,0079_YESWOOD_Furniture_Store,04.jpg,,fail,Shopify 406: 
79,0079_YESWOOD_Furniture_Store,05.jpg,,fail,Shopify 406: 
79,0079_YESWOOD_Furniture_Store,06.jpg,,fail,Shopify 406: 
79,0079_YESWOOD_Furniture_Store,07.jpg,,fail,Shopify 406: 
79,0079_YESWOOD_Furniture_Store,08.jpg,,fail,Shopify 406: 
79,0079_YESWOOD_Furniture_Store,09.jpg,,fail,Shopify 406: 
79,0079_YESWOOD_Furniture_Store,10.jpg,,fail,Shopify 406: 
79,0079_YESWOOD_Furniture_Store,11.jpg,,fail,Shopify 406: 
79,0079_YESWOOD_Furniture_Store,12.jpg,,fail,Shopify 406: 
80,0080_YESWOOD_Furniture_Store,01.jpg,,fail,Shopify 406: 
80,0080_YESWOOD_Furniture_Store,02.jpg,,fail,Shopify 406: 
80,0080_YESWOOD_Furniture_Store,03.jpg,,fail,Shopify 406: 
80,0080_YESWOOD_Furniture_Store,04.jpg,,fail,Shopify 406: 
80,0080_YESWOOD_Furniture_Store,05.jpg,,fail,Shopify 406: 
80,0080_YESWOOD_Furniture_Store,06.jpg,,fail,Shopify 406: 
80,0080_YESWOOD_Furniture_Store,07.jpg,,fail,Shopify 406: 
80,0080_YESWOOD_Furniture_Store,08.jpeg,,fail,Shopify 406: 
80,0080_YESWOOD_Furniture_Store,09.jpg,,fail,Shopify 406: 
81,0081_YESWOOD_Furniture_Store,01.jpg,,fail,Shopify 406: 
81,0081_YESWOOD_Furniture_Store,02.jpg,,fail,Shopify 406: 
81,0081_YESWOOD_Furniture_Store,03.jpg,,fail,Shopify 406: 
81,0081_YESWOOD_Furniture_Store,04.jpg,,fail,Shopify 406: 
81,0081_YESWOOD_Furniture_Store,05.jpg,,fail,Shopify 406: 
81,0081_YESWOOD_Furniture_Store,06.jpg,,fail,Shopify 406: 
81,0081_YESWOOD_Furniture_Store,07.jpg,,fail,Shopify 406: 
81,0081_YESWOOD_Furniture_Store,08.jpg,,fail,Shopify 406: 
81,0081_YESWOOD_Furniture_Store,09.jpeg,,fail,Shopify 406: 
81,0081_YESWOOD_Furniture_Store,10.jpg,,fail,Shopify 406: 
82,0082_YESWOOD_Furniture_Store,01.jpg,,fail,Shopify 406: 
82,0082_YESWOOD_Furniture_Store,02.jpg,,fail,Shopify 406: 
82,0082_YESWOOD_Furniture_Store,03.jpg,,fail,Shopify 406: 
82,0082_YESWOOD_Furniture_Store,04.jpg,,fail,Shopify 406: 
82,0082_YESWOOD_Furniture_Store,05.jpg,,fail,Shopify 406: 
82,0082_YESWOOD_Furniture_Store,06.jpg,,fail,Shopify 406: 
82,0082_YESWOOD_Furniture_Store,07.jpg,,fail,Shopify 406: 
82,0082_YESWOOD_Furniture_Store,08.jpg,,fail,Shopify 406: 
82,0082_YESWOOD_Furniture_Store,09.jpg,,fail,Shopify 406: 
83,0083_YESWOOD_Furniture_Store,01.jpg,,fail,Shopify 406: 
83,0083_YESWOOD_Furniture_Store,02.jpg,,fail,Shopify 406: 
83,0083_YESWOOD_Furniture_Store,03.jpg,,fail,Shopify 406: 
83,0083_YESWOOD_Furniture_Store,04.jpg,,fail,Shopify 406: 
83,0083_YESWOOD_Furniture_Store,05.jpg,,fail,Shopify 406: 
83,0083_YESWOOD_Furniture_Store,06.jpg,,fail,Shopify 406: 
83,0083_YESWOOD_Furniture_Store,07.jpg,,fail,Shopify 406: 
83,0083_YESWOOD_Furniture_Store,08.jpg,,fail,Shopify 406: 
83,0083_YESWOOD_Furniture_Store,09.jpg,,fail,Shopify 406: 
84,0084_YESWOOD_Furniture_Store,01.jpg,,fail,Shopify 406: 
84,0084_YESWOOD_Furniture_Store,02.jpg,,fail,Shopify 406: 
84,0084_YESWOOD_Furniture_Store,03.jpg,,fail,Shopify 406: 
84,0084_YESWOOD_Furniture_Store,04.jpg,,fail,Shopify 406: 
84,0084_YESWOOD_Furniture_Store,05.jpg,,fail,Shopify 406: 
84,0084_YESWOOD_Furniture_Store,06.jpg,,fail,Shopify 406: 
84,0084_YESWOOD_Furniture_Store,07.jpg,,fail,Shopify 406: 
84,0084_YESWOOD_Furniture_Store,08.jpg,,fail,Shopify 406: 
84,0084_YESWOOD_Furniture_Store,09.jpg,,fail,Shopify 406: 
84,0084_YESWOOD_Furniture_Store,10.jpg,,fail,Shopify 406: 
85,0085_YESWOOD_Furniture_Store,01.jpg,,fail,Shopify 406: 
85,0085_YESWOOD_Furniture_Store,02.jpg,,fail,Shopify 406: 
85,0085_YESWOOD_Furniture_Store,03.jpg,,fail,Shopify 406: 
85,0085_YESWOOD_Furniture_Store,04.jpg,,fail,Shopify 406: 
85,0085_YESWOOD_Furniture_Store,05.jpg,,fail,Shopify 406: 
85,0085_YESWOOD_Furniture_Store,06.jpg,,fail,Shopify 406: 
85,0085_YESWOOD_Furniture_Store,07.jpg,,fail,Shopify 406: 
85,0085_YESWOOD_Furniture_Store,08.jpg,,fail,Shopify 406: 
85,0085_YESWOOD_Furniture_Store,09.jpg,,fail,Shopify 406: 
85,0085_YESWOOD_Furniture_Store,10.jpg,,fail,Shopify 406: 
85,0085_YESWOOD_Furniture_Store,11.jpg,,fail,Shopify 406: 
86,0086_YESWOOD_Furniture_Store,01.jpg,,fail,Shopify 406: 
86,0086_YESWOOD_Furniture_Store,02.jpg,,fail,Shopify 406: 
86,0086_YESWOOD_Furniture_Store,03.jpg,,fail,Shopify 406: 
86,0086_YESWOOD_Furniture_Store,04.jpg,,fail,Shopify 406: 
86,0086_YESWOOD_Furniture_Store,05.jpg,,fail,Shopify 406: 
86,0086_YESWOOD_Furniture_Store,06.jpg,,fail,Shopify 406: 
86,0086_YESWOOD_Furniture_Store,07.jpg,,fail,Shopify 406: 
86,0086_YESWOOD_Furniture_Store,08.jpg,,fail,Shopify 406: 
86,0086_YESWOOD_Furniture_Store,09.jpg,,fail,Shopify 406: 
86,0086_YESWOOD_Furniture_Store,10.jpg,,fail,Shopify 406: 
86,0086_YESWOOD_Furniture_Store,11.jpg,,fail,Shopify 406: 
86,0086_YESWOOD_Furniture_Store,12.jpg,,fail,Shopify 406: 
87,0087_YESWOOD_Furniture_Store,01.jpg,,fail,Shopify 406: 
87,0087_YESWOOD_Furniture_Store,02.jpg,,fail,Shopify 406: 
87,0087_YESWOOD_Furniture_Store,03.jpg,,fail,Shopify 406: 
87,0087_YESWOOD_Furniture_Store,04.jpg,,fail,Shopify 406: 
87,0087_YESWOOD_Furniture_Store,05.jpg,,fail,Shopify 406: 
87,0087_YESWOOD_Furniture_Store,06.jpg,,fail,Shopify 406: 
87,0087_YESWOOD_Furniture_Store,07.jpg,,fail,Shopify 406: 
87,0087_YESWOOD_Furniture_Store,08.jpg,,fail,Shopify 406: 
88,0088_YESWOOD_Furniture_Store,01.jpg,,fail,Shopify 406: 
88,0088_YESWOOD_Furniture_Store,02.jpg,,fail,Shopify 406: 
88,0088_YESWOOD_Furniture_Store,03.jpg,,fail,Shopify 406: 
88,0088_YESWOOD_Furniture_Store,04.jpg,,fail,Shopify 406: 
88,0088_YESWOOD_Furniture_Store,05.jpg,,fail,Shopify 406: 
88,0088_YESWOOD_Furniture_Store,06.jpg,,fail,Shopify 406: 
88,0088_YESWOOD_Furniture_Store,07.jpg,,fail,Shopify 406: 
88,0088_YESWOOD_Furniture_Store,08.jpg,,fail,Shopify 406: 
88,0088_YESWOOD_Furniture_Store,09.jpg,,fail,Shopify 406: 
88,0088_YESWOOD_Furniture_Store,10.jpg,,fail,Shopify 406: 
89,0089_YESWOOD_Furniture_Store,01.jpg,,fail,Shopify 406: 
89,0089_YESWOOD_Furniture_Store,02.jpg,,fail,Shopify 406: 
89,0089_YESWOOD_Furniture_Store,03.jpg,,fail,Shopify 406: 
89,0089_YESWOOD_Furniture_Store,04.jpg,,fail,Shopify 406: 
89,0089_YESWOOD_Furniture_Store,05.jpg,,fail,Shopify 406: 
89,0089_YESWOOD_Furniture_Store,06.jpg,,fail,Shopify 406: 
89,0089_YESWOOD_Furniture_Store,07.jpg,,fail,Shopify 406: 
89,0089_YESWOOD_Furniture_Store,08.jpg,,fail,Shopify 406: 
89,0089_YESWOOD_Furniture_Store,09.jpg,,fail,Shopify 406: 
89,0089_YESWOOD_Furniture_Store,10.jpg,,fail,Shopify 406: 
89,0089_YESWOOD_Furniture_Store,11.jpg,,fail,Shopify 406: 
89,0089_YESWOOD_Furniture_Store,12.jpg,,fail,Shopify 406: 
89,0089_YESWOOD_Furniture_Store,13.jpg,,fail,Shopify 406: 
89,0089_YESWOOD_Furniture_Store,14.jpg,,fail,Shopify 406: 
89,0089_YESWOOD_Furniture_Store,15.jpg,,fail,Shopify 406: 
89,0089_YESWOOD_Furniture_Store,16.jpg,,fail,Shopify 406: 
90,0090_YESWOOD_Furniture_Store,01.jpg,,fail,Shopify 406: 
90,0090_YESWOOD_Furniture_Store,02.jpg,,fail,Shopify 406: 
90,0090_YESWOOD_Furniture_Store,03.jpg,,fail,Shopify 406: 
90,0090_YESWOOD_Furniture_Store,04.jpg,,fail,Shopify 406: 
90,0090_YESWOOD_Furniture_Store,05.jpg,,fail,Shopify 406: 
90,0090_YESWOOD_Furniture_Store,06.jpg,,fail,Shopify 406: 
90,0090_YESWOOD_Furniture_Store,07.jpg,,fail,Shopify 406: 
90,0090_YESWOOD_Furniture_Store,08.jpg,,fail,Shopify 406: 
91,0091_YESWOOD_Furniture_Store,01.png,,fail,Shopify 406: 
91,0091_YESWOOD_Furniture_Store,02.png,,fail,Shopify 406: 
91,0091_YESWOOD_Furniture_Store,03.png,,fail,Shopify 406: 
91,0091_YESWOOD_Furniture_Store,04.png,,fail,Shopify 406: 
91,0091_YESWOOD_Furniture_Store,05.jpg,,fail,Shopify 406: 
91,0091_YESWOOD_Furniture_Store,06.jpg,,fail,Shopify 406: 
91,0091_YESWOOD_Furniture_Store,07.jpg,,fail,Shopify 406: 
91,0091_YESWOOD_Furniture_Store,08.jpg,,fail,Shopify 406: 
91,0091_YESWOOD_Furniture_Store,09.jpg,,fail,Shopify 406: 
91,0091_YESWOOD_Furniture_Store,10.jpg,,fail,Shopify 406: 
91,0091_YESWOOD_Furniture_Store,11.jpg,,fail,Shopify 406: 
91,0091_YESWOOD_Furniture_Store,12.jpg,,fail,Shopify 406: 
91,0091_YESWOOD_Furniture_Store,13.jpg,,fail,Shopify 406: 
92,0092_YESWOOD_Furniture_Store,01.jpg,,fail,Shopify 406: 
92,0092_YESWOOD_Furniture_Store,02.jpg,,fail,Shopify 406: 
92,0092_YESWOOD_Furniture_Store,03.jpg,,fail,Shopify 406: 
92,0092_YESWOOD_Furniture_Store,04.jpg,,fail,Shopify 406: 
92,0092_YESWOOD_Furniture_Store,05.jpg,,fail,Shopify 406: 
92,0092_YESWOOD_Furniture_Store,06.jpg,,fail,Shopify 406: 
92,0092_YESWOOD_Furniture_Store,07.jpg,,fail,Shopify 406: 
92,0092_YESWOOD_Furniture_Store,08.jpg,,fail,Shopify 406: 
93,0093_YESWOOD_Furniture_Store,01.jpg,,fail,Shopify 406: 
93,0093_YESWOOD_Furniture_Store,02.jpg,,fail,Shopify 406: 
93,0093_YESWOOD_Furniture_Store,03.jpg,,fail,Shopify 406: 
93,0093_YESWOOD_Furniture_Store,04.jpg,,fail,Shopify 406: 
93,0093_YESWOOD_Furniture_Store,05.jpg,,fail,Shopify 406: 
93,0093_YESWOOD_Furniture_Store,06.jpg,,fail,Shopify 406: 
94,0094_YESWOOD_Furniture_Store,01.jpg,,fail,Shopify 406: 
94,0094_YESWOOD_Furniture_Store,02.jpg,,fail,Shopify 406: 
94,0094_YESWOOD_Furniture_Store,03.jpg,,fail,Shopify 406: 
94,0094_YESWOOD_Furniture_Store,04.jpg,,fail,Shopify 406: 
94,0094_YESWOOD_Furniture_Store,05.jpg,,fail,Shopify 406: 
94,0094_YESWOOD_Furniture_Store,06.jpg,,fail,Shopify 406: 
94,0094_YESWOOD_Furniture_Store,07.jpg,,fail,Shopify 406: 
94,0094_YESWOOD_Furniture_Store,08.jpg,,fail,Shopify 406: 
94,0094_YESWOOD_Furniture_Store,09.jpg,,fail,Shopify 406: 
94,0094_YESWOOD_Furniture_Store,10.jpg,,fail,Shopify 406: 
95,0095_YESWOOD_Furniture_Store,01.jpg,,fail,Shopify 406: 
95,0095_YESWOOD_Furniture_Store,02.jpg,,fail,Shopify 406: 
95,0095_YESWOOD_Furniture_Store,03.jpg,,fail,Shopify 406: 
95,0095_YESWOOD_Furniture_Store,04.jpg,,fail,Shopify 406: 
95,0095_YESWOOD_Furniture_Store,05.jpg,,fail,Shopify 406: 
95,0095_YESWOOD_Furniture_Store,06.jpg,,fail,Shopify 406: 
95,0095_YESWOOD_Furniture_Store,07.jpg,,fail,Shopify 406: 
95,0095_YESWOOD_Furniture_Store,08.jpg,,fail,Shopify 406: 
95,0095_YESWOOD_Furniture_Store,09.jpg,,fail,Shopify 406: 
